{"cameraMode":{"drawMode":0,"name":"Shaded","section":"Shading Mode"},"sceneLighting":false,"audioPlay":false,"sceneViewState":{"showFog":true,"showMaterialUpdate":false,"showSkybox":true,"showFlares":true,"showImageEffects":true,"showParticleSystems":true},"in2DMode":false,"pivot":{"x":0.3049739897251129,"y":0.14094683527946473,"z":-0.17545238137245179},"rotation":{"x":-0.08228179812431336,"y":0.8629833459854126,"z":-0.14930126070976258,"w":-0.4756033420562744},"size":1.6694693565368653,"orthographic":true}